<?xml version="1.0" encoding="UTF-8" standalone="yes"?>
<addon id="plugin.video.nottstv"
       name="Notts TV On Demand"
       version="0.1.1"
       provider-name="kevjs1982">
    <requires>
        <!--<import addon="xbmc.python" version="2.14.0"/>-->
    </requires>
    <extension point="xbmc.python.pluginsource" library="default.py">
        <provides>video</provides>
    </extension>
    <extension point="xbmc.addon.metadata">
        <platform>all</platform>
        <summary>Watch Notts TV On Demand</summary>
        <description>This XBMC plugin enables the playing of TV catchup content from the Notts TV On Demand website.</description>
    </extension>
</addon>
