<?xml version="1.0" encoding="UTF-8" standalone="yes"?>
<addon id="repository.kevjs1982" name="kevjs1982 Add-on Repository" version="1.0.0" provider-name="kevjs1982">
	<extension point="xbmc.addon.repository" name="kevjs1982 Add-on Repository">
		<info compressed="false">https://raw.githubusercontent.com/kevjs1982/xbmcplugins/master/addons.xml</info>
		<checksum>https://raw.githubusercontent.com/kevjs1982/xbmcplugins/master/addons.xml.md5</checksum>
		<datadir zip="true">https://raw.githubusercontent.com/kevjs1982/xbmcplugins/master/</datadir>
	</extension>
	<extension point="xbmc.addon.metadata">
		<summary>Install Add-ons from kevjs1982 Add-on Repository</summary>
		<description>Video plug-ins for XBMC</description>
		<disclaimer></disclaimer>
		<platform>all</platform>
	</extension>
</addon>
