<?xml version="1.0" encoding="UTF-8"?>
<window>
	<defaultcontrol>-</defaultcontrol>
	<controls>
	
		<control type="group" id="1000"><!-- Music Videos Popup -->
			<posx>80</posx>
			<posy>178r</posy>
			<width>640</width>
			<height>98</height>
			<visible>
			[ VideoPlayer.Content(musicvideos) + 
				[ 	  SubString(Player.Time(hh:mm:ss),00:00:1,Left) 
					| SubString(Player.TimeRemaining(hh:mm:ss),00:00:1,Left) 
				]
			] + !Player.ShowInfo
			</visible>
			<control type="image" id="1">
				  <posx>0</posx>
				  <posy>0</posy>
				  <width>640</width>
				  <height>98</height>
				  <aspectratio>keep</aspectratio>
				  <texture fallback="/home/xbmc/media/music.png" background="true">/home/xbmc/media/music2.png</texture>
			</control>
			<control type="label" id="1">
				  <width>520</width>
				  <posy>15</posy>
				  <posx>110</posx>
				  <font>font14</font>
				  <textcolor>orange</textcolor>
				  <label>$INFO[VideoPlayer.Artist ]$INFO[VideoPlayer.Title, - ,]</label>
				  <autoscroll>true</autoscroll>
			</control>
			<control type="label" id="1">
				<width>600</width>
				<posy>50</posy>
				<posx>110</posx>
				<textcolor>grey</textcolor>
				<font>font11</font>
				<label>$INFO[VideoPlayer.Album] $INFO[VideoPlayer.Year,(,)]</label>
				<autoscroll>true</autoscroll>
			</control>
			<control type="image" id="1">
				<posx>4</posx>
				<posy>4</posy>
				<width>90</width>
				<height>90</height>
				<aspectratio align="center" aligny="center">keep</aspectratio>
				<info>VideoPlayer.Cover</info>
			</control>
			<animation effect="fade" time="2000" tween="circle" easing="out" start="0" end="100">VisibleChange</animation>
		</control><!-- Music Videos Popup -->
	
	
	<control type="group" id="1"><!-- Programme Information -->
			<visible>[Player.ShowInfo | Window.IsActive(VideoOSD) | Player.Seeking | Player.DisplayAfterSeek | Player.Paused | Player.Forwarding | Player.Rewinding] + ![Window.IsVisible(123) | Window.IsVisible(124) | Window.IsVisible(125)]</visible>	
			<animation effect="fade" time="200">VisibleChange</animation>
			<control type="group" id="1"><!-- Search and Scan -->
				<posx>0</posx>
				<posy>200r</posy>
				<width>1280</width>
				<height>200</height>
				<control type="image" id="1"> <!-- Information Banner Background -->
					<posx>0</posx>
					<posy>200r</posy>
					<width>1280</width>
					<height>200</height>
					<texture border="0">searchandscan.png</texture>
				</control>		
				<control type="image" id="1"> <!-- Image -->
					<description>clearart image</description>
					<posx>5</posx>
					<posy>35</posy>
					<width>180</width>
					<height>160</height>
					<texture>$INFO[VideoPlayer.Cover]</texture>
					<aspectratio aligny="center" align="center">keep</aspectratio>
				</control>
				
				<control type="group" id="2"> <!-- Title Bar -->
					<posx>10</posx>
					<posy>0</posy>
					<width>1280</width>
					<height>30</height>
					<control type="image" id="7">
						<posx>1</posx>
						<posy>3</posy>
						<width>30</width>
						<height>20</height>
						<texture>PVR-IsRecording.png </texture>
						<visible>PVR.IsRecording+ !VideoPlayer.Content(livetv)</visible>
					</control>
					<control type="label" id="1"> <!-- All Video  - TITLE - Except Episodes (formatted) and TV -->
						<posx>175</posx>
						<posy>0</posy>
						<height>30</height>
						<width>175</width>
						<font>font25</font>
						<align>right</align>
						<aligny>center</aligny>
						<shadowcolor>black</shadowcolor>
						<label>$INFO[VideoPlayer.ChannelNumber,Channel ]</label>
						<textcolor>orange</textcolor>
						<visible>VideoPlayer.Content(livetv)</visible>
					</control>
					
					<control type="label" id="1"> <!-- Live TV - Channel Name -->
						<posx>190</posx>
						<posy>0</posy>
						<height>30</height>
						<font>font25</font>
						<align>left</align>
						<aligny>center</aligny>
						<shadowcolor>black</shadowcolor>
						<label>$INFO[VideoPlayer.ChannelName]</label>
						<textcolor>orange</textcolor>
						<visible>VideoPlayer.Content(livetv)</visible>
					</control>
					<control type="label" id="1"> <!-- Live TV - Channel Name -->
						<posx>190</posx>
						<posy>0</posy>
						<height>30</height>
						<font>font25</font>
						<align>left</align>
						<aligny>center</aligny>
						<shadowcolor>black</shadowcolor>
						<label>$INFO[VideoPlayer.Artist]</label>
						<textcolor>orange</textcolor>
						<visible>VideoPlayer.Content(MusicVideos)</visible>
					</control>
					<control type="label" id="1"> <!-- Other -->
						<posx>190</posx>
						<posy>0</posy>
						<height>30</height>
						<font>font25</font>
						<align>left</align>
						<aligny>center</aligny>
						<shadowcolor>black</shadowcolor>
						<label>$INFO[VideoPlayer.Title]</label>
						<textcolor>orange</textcolor>
						<visible>!VideoPlayer.Content(livetv) + !VideoPlayer.Content(Episodes) + !VideoPlayer.Content(MusicVideos)</visible>
					</control>
					<control type="label" id="1"> <!-- TV N -->
						<posx>190</posx>
						<posy>0</posy>
						<height>30</height>
						<font>font25</font>
						<align>left</align>
						<aligny>center</aligny>
						<shadowcolor>black</shadowcolor>
						<label>$INFO[VideoPlayer.TVShowTitle] - $INFO[VideoPlayer.Season,Series ]$INFO[VideoPlayer.Episode, Episode ]</label>
						<textcolor>orange</textcolor>
						<visible>VideoPlayer.Content(Episodes)</visible>
					</control>
					
					<control type="grouplist" id="1"> <!-- Media Icons -->
						<posx>700</posx>
						<posy>3</posy>
						<width>490</width>
						<height>25</height>
						<align>right</align>
						<itemgap>1</itemgap>
						<orientation>horizontal</orientation>
						<yalign>center</yalign>
						<!-- New -->
						<control type="image" id="1">
							<description>Video Resolution Image</description>
							<width>50</width>
							<height>23</height>
							<aspectratio align="center">keep</aspectratio>
							<texture>$INFO[VideoPlayer.VideoResolution,flagging/video/,.png]</texture>
						</control>
						<control type="image" id="1">
							<description>Audio Codec Image</description>
							<width>85</width>
							<height>23</height>
							<aspectratio align="center">keep</aspectratio>
							<texture>$INFO[VideoPlayer.AudioCodec,flagging/audio/,.png]</texture>
						</control>
						<control type="image" id="1">
							<description>Audio Channels Image</description>
							<width>50</width>
							<height>23</height>
							<aspectratio align="center">keep</aspectratio>
							<texture>$INFO[VideoPlayer.AudioChannels,flagging/audio/,.png]</texture>
						</control>
						<control type="group" id="1">
							<width>85</width>
							<height>23</height>
							<visible>!IsEmpty(VideoPlayer.AudioLanguage)</visible>
							<control type="image" id="1">
								<left>5</left>
								<top>0</top>
								<description>Audio Language Image</description>
								<width>80</width>
								<height>22</height>
								<texture>flagging/AudioLang.png</texture>
							</control>
							<control type="label" id="1">
								<left>38</left>
								<top>1</top>
								<width>47</width>
								<height>22</height>
								<font>font13</font>
								<align>left</align>
								<label>$INFO[VideoPlayer.AudioLanguage]</label>
								<textcolor>grey</textcolor>
							</control>
						</control>
						<control type="group" id="1">
							<width>85</width>
							<height>23</height>
							<visible>!IsEmpty(VideoPlayer.SubtitlesLanguage)</visible>
							<control type="image" id="1">
								<left>5</left>
								<top>0</top>
								<width>80</width>
								<height>22</height>
								<texture>flagging/SubLang.png</texture>
							</control>
							<control type="label" id="1">
								<left>38</left>
								<top>1</top>
								<width>47</width>
								<height>22</height>
								<font>font13</font>
								<align>left</align>
								<label>$INFO[VideoPlayer.SubtitlesLanguage]</label>
								<textcolor>grey</textcolor>
							</control>
						</control>
					</control><!-- Media Icons -->
					
					<control type="label" id="1"> <!-- Clock -->
						<posx>85r</posx>
						<posy>0</posy>
						<width>85</width>
						<height>23</height>
						<label>$INFO[System.Time(format)]</label>
						<align>center</align>
						<aligny>center</aligny>
						<font>font12</font>
						<textcolor>orange</textcolor>
					</control>
				</control>
			
				<control type="group" id="1"> <!-- Progress Bar -->
					<visible>!Window.IsActive(script.pseudotv.TVOverlay.xml)</visible>
					<posx>190</posx>
					<posy>24r</posy>
					
					<control type="label" id="1">
						<posx>0</posx>
						<posy>2</posy>
						<width>100</width>
						<height>20</height>
						<font>font10</font>
						<align>left</align>
						<aligny>center</aligny>
						<textcolor>blue</textcolor>
						<label>$INFO[Player.Time(hh:mm:ss)]</label>
					</control>
					
					<control type="progress" id="1">
						<description>ProgressbarCache</description>
						<posx>70</posx>
						<posy>5</posy>
						<width>720</width>
						<height>16</height>
						<info>Player.ProgressCache</info>
						<midtexture border="6,0,6,0">OSDProgressMidLight.png</midtexture>
					</control>
					<control type="progress" id="1">
						<description>Progressbar</description>
						<posx>70</posx>
						<posy>5</posy>
						<width>720</width>
						<height>16</height>
						<info>Player.Progress</info>
					</control>
					<control type="label" id="1">
						<posx>800</posx>
						<posy>2</posy>
						<width>100</width>
						<height>20</height>
						<font>font10</font>
						<align>left</align>
						<aligny>center</aligny>
						<textcolor>blue</textcolor>
						<label>$INFO[Player.Duration(hh:mm:ss)]</label>
					</control>
					
					
						
					<control type="label" id="1"> <!-- End Time -->
						<posx>5r</posx>
						<posy>0</posy>
						<width>130</width>
						<height>20</height>
						<label>$LOCALIZE[31071] $INFO[Player.FinishTime]</label>
						<align>right</align>
						<aligny>center</aligny>
						<font>font10</font>
						<textcolor>white</textcolor>
						<scroll>true</scroll>
						<visible>!Window.IsVisible(VideoOSD)</visible>
						<animation effect="fade" time="200">VisibleChange</animation>
					</control>
				</control>
			
				<control type="group" id="1"><!-- Right hand bar -->
					<posx>190r</posx>
					<posy>30</posy>
					<width>190</width>
					<height>170</height>
					
					
					<control type="group" id="991"> <!-- Right hand bar (Live TV) -->
						<posx>0</posx>
						<posy>0</posy>
						<width>190</width>
						<align>left</align>
						<aligny>center</aligny>
						<height>170</height>
						<visible>VideoPlayer.Content(livetv)</visible>
						<!-- Signal Strength -->
						<control type="label" id="1">
							<posx>0</posx>
							<posy>0</posy>
							<description>Signal value</description>
							<width>190</width>
							<height>14</height>
							<label>Signal $INFO[PVR.ActStreamSignal]$INFO[Pvr.ActStreamStatus, - ,  ]</label>
							<align>center</align>
							<font>font10</font>
							<textcolor>orange</textcolor>
							<visible>VideoPlayer.Content(livetv)</visible>
						</control>
						
						<control type="progress" id="1">
							<posy>22</posy>
							<posx>10</posx>
							<description>Progressbar</description>
							<width>170</width>
							<aligny>bottom</aligny>
							<height>14</height>
							<info>PVR.ActStreamProgrSignal</info>
							<visible>VideoPlayer.Content(livetv)</visible>
						</control>
						<control type="label" id="1">
							<posx>0</posx>
							<posy>38</posy>
							<description>Signal value</description>
							<width>170</width>
							<height>14</height>
							<label>$INFO[Pvr.ActStreamDevice,,] [COLOR=yellow]$INFO[PVR.ActStreamMux][/COLOR]</label>
							<align>center</align>
							<font>font10</font>
							<textcolor>white</textcolor>
						</control>
						<control type="label" id="1">
							<posx>0</posx>
							<posy>57</posy>
							<description>Signal value</description>
							<width>170</width>
							<height>14</height>
							<label>[COLOR=yellow]$INFO[Pvr.ActStreamEncryptionName][/COLOR]</label>
							<align>center</align>
							<font>font10</font>
							<textcolor>white</textcolor>
						</control>
				<!--		
						<control type="label">
				<description>Mux</description>
				<left>730</left>
				<top>190</top>
				<width>165</width>
				<height>25</height>
				<label>$LOCALIZE[19100]:</label>
				<align>left</align>
				<aligny>center</aligny>
				<font>font12</font>
				<textcolor>grey2</textcolor>
			</control>
			-->
						<control type="textbox" id="1">
							<description>Channel Group</description>
							<posx>0</posx>
							<posy>76</posy>
							<width>190</width>
							<height>20</height>
							<align>center</align>
							<textcolor>white</textcolor>
							<font>font10</font>
							<label>$INFO[VideoPlayer.ChannelGroup] </label>
						</control>
						<control type="label" id="1"> <!-- Next Programme -->
							<description>Next Programme</description>
							<posx>0</posx>
							<posy>95</posy>
							<height>50</height>
							<width>190</width>
							<align>left</align>
							<aligny>top</aligny>
							<font>font10</font>
							<label>$INFO[VideoPlayer.NextStartTime,Next: , ] 
$INFO[VideoPlayer.NextTitle]</label>
							<textcolor>white</textcolor>
							<shadowcolor>black</shadowcolor>
							<font>font10</font>
						</control>
						<control type="image" id="7">
							<posx>0</posx>
							<posy>120</posy>
							<width>25</width>
							<height>15</height>
							<texture>PVR-IsRecording.png</texture>
							<visible>PVR.IsRecording</visible>
						</control>
						<control type="label" id="1">
							<description>Now Recording</description>
							<posx>30</posx>
							<posy>115</posy>
							<width>150</width>
							<height>20</height>
							<align>Left</align>
							<textcolor>yellow</textcolor>
							<font>font10</font>
							<scroll>true</scroll>
							<label>$INFO[Pvr.NowRecordingTitle]$INFO[Pvr.NowRecordingChannel, (,)]</label>
							<visible>PVR.IsRecording</visible>
						</control>
					</control>
					
					<control type="group" id="991"> <!-- Right hand bar (Not Live TV) -->
						<posx>0</posx>
						<posy>3</posy>
						<width>190</width>
						<align>left</align>
						<aligny>center</aligny>
						<height>167</height>
						<visible>!VideoPlayer.Content(livetv)</visible>
						<!-- Frodo series image
						<control type="image" id="1">
							<description>Studio Image</description>
							<width>170</width>
							<height>160</height>
							<aspectratio align="center" yalign="center">keep</aspectratio>
							<texture>Player.Art(tvshowthumb)</texture>
						</control>-->
						<control type="image" id="1">
							<description>Studio Image</description>
							<width>170</width>
							<height>160</height>
							<aspectratio align="center" yalign="center">keep</aspectratio>
							<texture>$INFO[VideoPlayer.Studio,flagging/studio/,.png]</texture>
						</control>
					</control>
					
					
					
					
					
					
					
					
					
					
					
				</control>
			<!--
			$INFO[Pvr.BackendName] = HTS TV Headend
			$INFO[Pvr.BackendVersion] = 3.4.27 ~gfbda802~precise (Protocol....)
			 $INFO[Pvr.BackendHost] = 127.0.0.1:9982
			$INFO[Pvr.BackendDiskSpace] = Total 931.5GByte - Used 753.1GByte
			$INFO[Pvr.BackendChannels] = 179
			$INFO[Pvr.BackendTimers] = 43
			$INFO[Pvr.BackendRecordings] = 12
			$INFO[Pvr.BackendNumber] = 1 of 1
			$INFO[Pvr.TotalDiscSpace] = ""
			$INFO[Pvr.NextTimer] = Sat, 2 Nov 2013 at 20:00
			$INFO[Pvr.Duration]  = HH:II:SS (current prog)
			$INFO[Pvr.Time] = MM:SS (play pos)
			$INFO[Pvr.Progress] = ""
			$INFO[Pvr.ActStreamClient] = "HTS TVHeadend:127.0.0.1:9982
			$INFO[Pvr.ActStreamDevice] = Satelliote
			$INFO[Pvr.ActStreamStatus] = OK
			$INFO[Pvr.ActStreamSignal] = 68
			$INFO[Pvr.ActStreamSnr]  = 0%
			$INFO[Pvr.ActStreamBer] = 00000000
			$INFO[Pvr.ActStreamUnc] = 00000
			$INFO[Pvr.ActStreamVideoBitRate] = 0.0000
			$INFO[Pvr.ActStreamAudioBitRate] 0 kbit/s
			$INFO[Pvr.ActStreamDolbyBitRate] = 0 jbits
			$INFO[Pvr.ActStreamProgrSignal] = "";
			$INFO[Pvr.ActStreamProgrSnr]; = "";
			$INFO[Pvr.ActStreamEncryptionName] = Free to air (0000)
			-->
				
				<control type="grouplist" id="1"> <!-- Media Icons -->
					<posx>200</posx>
					<posy>32</posy>
					<width>830</width>
					<height>138</height>
					<align>left</align>
					<yalign>top</yalign>
					<itemgap>1</itemgap>
					<orientation>vertical</orientation>
					<control type="textbox" id="1"><!-- Information -->
						<width>830</width>
						<height>30</height>
						<align>left</align>
						<textcolor>white</textcolor>
						<font>font13</font>
						<label>$INFO[VideoPlayer.Title]</label>
						<visible>VideoPlayer.Content(livetv)</visible>
					</control>
					<control type="textbox" id="1"><!-- Information -->
						<width>830</width>
						<height>30</height>
						<align>left</align>
						<textcolor>white</textcolor>
						<font>font13</font>
						<label>$INFO[VideoPlayer.Title]</label>
						<visible>VideoPlayer.Content(MusicVideos) | VideoPlayer.Content(Episodes)</visible>
					</control>
					<control type="textbox" id="1"><!-- Information -->
						<width>830</width>
						<height>30</height>
						<align>left</align>
						<textcolor>white</textcolor>
						<font>font13</font>
						<label>$INFO[VideoPlayer.Album][COLOR=yellow]$INFO[VideoPlayer.Year, (,)][/COLOR]</label>
						<visible>VideoPlayer.Content(MusicVideos)</visible>
					</control>
					
					<control type="textbox" id="1"><!-- Information -->
						<description>Description Value The Movie</description>
						<width>830</width>
						<height min="20" max="120">auto</height>
						<align>left</align>
						<textcolor>white</textcolor>
						<font>font11</font>
						<label>$INFO[VideoPlayer.Plot] $INFO[VideoPlayer.Studio, (,) ]</label>
						<autoscroll time="4000" delay="3000" repeat="5000">!Skin.HasSetting(StopAutoScroll)</autoscroll>
					</control>
					
					
				</control>
				
			</control> <!-- Search and Scan -->
			
			
				
				
		</control> <!-- Programme Information -->
	
	
	
	
	
	
	
	
	
	
	
	
	
	
	
	
	
	
	
	
	
	
	
	
	
	
	
	
	
	
	
	
	
	
	
	
	
	
	
	
	
	
	
	
	
	
	
	
	
	
	
	
	
	
	
	
	
	
	
	
	
	
	
	
		<!-- media infos -->
		<!--
		<control type="group" id="1">
			<visible>[Player.ShowInfo | Window.IsActive(VideoOSD)] + ![Window.IsVisible(OSDVideoSettings) | Window.IsVisible(OSDAudioSettings) | Window.IsVisible(VideoBookmarks) | Window.IsVisible(PVROSDChannels) | Window.IsVisible(PVROSDGuide) | Window.IsVisible(SliderDialog)]</visible>
			<animation effect="fade" time="200">VisibleChange</animation>
			<control type="image" id="1">
				<left>0</left>
				<top>-150</top>
				<width>1280</width>
				<height>256</height>
				<texture flipy="true" border="1">HomeNowPlayingBack.png</texture>
			</control>
			<control type="label" id="1">
				<description>Chapter Count Header label</description>
				<left>30</left>
				<top>5</top>
				<width>1000</width>
				<height>25</height>
				<align>left</align>
				<aligny>center</aligny>
				<font>font13</font>
				<textcolor>white</textcolor>
				<shadowcolor>black</shadowcolor>
				<label>$INFO[Player.Chapter,$LOCALIZE[21396]: ]$INFO[Player.ChapterCount, / ]$INFO[Player.ChapterName,[COLOR=grey] - (,)[/COLOR]]</label>
				<visible>Player.ChapterCount + !VideoPlayer.Content(LiveTV)</visible>
			</control>
			<control type="label" id="1">
				<description>Channel Group label</description>
				<left>30</left>
				<top>5</top>
				<width>1000</width>
				<height>25</height>
				<align>left</align>
				<aligny>center</aligny>
				<font>font13</font>
				<textcolor>white</textcolor>
				<shadowcolor>black</shadowcolor>
				<label>$INFO[VideoPlayer.ChannelGroup,$LOCALIZE[31509]: ]</label>
				<visible>VideoPlayer.Content(LiveTV)</visible>
			</control>
			<control type="label" id="1">
				<description>Clock label</description>
				<left>450</left>
				<top>5</top>
				<width>800</width>
				<height>25</height>
				<align>right</align>
				<aligny>center</aligny>
				<font>font13</font>
				<textcolor>white</textcolor>
				<shadowcolor>black</shadowcolor>
				<label>$INFO[System.Time] *</label>
				<animation effect="slide" start="0,0" end="-70,0" time="0" condition="Window.IsVisible(VideoOSD)">conditional</animation>
			</control>
			<control type="image" id="1">
				<left>0</left>
				<top>230r</top>
				<width>1280</width>
				<height>230</height>
				<texture border="1">HomeNowPlayingBack.png</texture>
			</control>
			<control type="image" id="1">
				<description>cover image</description>
				<left>20</left>
				<top>260r</top>
				<width>300</width>
				<height>230</height>
				<texture fallback="DefaultVideoCover.png">$INFO[Player.Art(thumb)]</texture>
				<aspectratio aligny="bottom">keep</aspectratio>
				<bordertexture border="8">ThumbShadow.png</bordertexture>
				<bordersize>8</bordersize>
				<visible>!VideoPlayer.Content(Movies)</visible>
			</control>
			<control type="image" id="1">
				<description>Movie cover image</description>
				<left>20</left>
				<top>350r</top>
				<width>300</width>
				<height>330</height>
				<texture fallback="DefaultVideoCover.png">$INFO[Player.Art(thumb)]</texture>
				<aspectratio aligny="bottom">keep</aspectratio>
				<bordertexture border="8">ThumbShadow.png</bordertexture>
				<bordersize>8</bordersize>
				<visible>VideoPlayer.Content(Movies)</visible>
			</control>
			<control type="group" id="1">
				<left>330</left>
				<top>185r</top>
				<control type="label" id="1">
					<description>Heading label</description>
					<left>0</left>
					<top>0</top>
					<width>910</width>
					<height>25</height>
					<align>left</align>
					<aligny>center</aligny>
					<font>font13</font>
					<label>$LOCALIZE[31040]</label>
					<textcolor>white</textcolor>
					<shadowcolor>black</shadowcolor>
					<visible>![VideoPlayer.Content(LiveTV) + Player.Recording]</visible>
					<animation effect="slide" start="0,0" end="0,25" time="0" condition="!VideoPlayer.Content(Movies) + !VideoPlayer.Content(Episodes) + !VideoPlayer.Content(MusicVideos) + !VideoPlayer.Content(LiveTV)">conditional</animation>
				</control>
				<control type="image" id="1">
					<top>0</top>
					<width>50</width>
					<height>25</height>
					<aspectratio align="center" aligny="center">keep</aspectratio>
					<texture>PVR-IsRecording.png</texture>
					<visible>VideoPlayer.Content(LiveTV) + Player.Recording</visible>
				</control>
				<control type="label" id="1">
					<description>Heading label</description>
					<left>50</left>
					<top>0</top>
					<width>860</width>
					<height>25</height>
					<align>left</align>
					<aligny>center</aligny>
					<font>font13</font>
					<label>$LOCALIZE[19158]</label>
					<textcolor>white</textcolor>
					<shadowcolor>black</shadowcolor>
					<visible>VideoPlayer.Content(LiveTV) + Player.Recording</visible>
				</control>
				<control type="label" id="1">
					<description>Studio label</description>
					<left>20</left>
					<top>30</top>
					<width>910</width>
					<height>25</height>
					<align>left</align>
					<font>font12</font>
					<label>$INFO[VideoPlayer.Studio]</label>
					<textcolor>grey2</textcolor>
					<shadowcolor>black</shadowcolor>
					<visible>VideoPlayer.Content(Movies)</visible>
				</control>
				<control type="label" id="1">
					<description>TV Show label</description>
					<left>20</left>
					<top>30</top>
					<width>910</width>
					<height>25</height>
					<align>left</align>
					<font>font12</font>
					<label>$INFO[VideoPlayer.TVShowTitle] ($INFO[VideoPlayer.Season,,x]$INFO[VideoPlayer.Episode]) ----</label>
					<textcolor>grey2</textcolor>
					<shadowcolor>black</shadowcolor>
					<visible>VideoPlayer.Content(Episodes)</visible>
				</control>
				<control type="label" id="1">
					<description>Music Info label</description>
					<left>20</left>
					<top>30</top>
					<width>910</width>
					<height>25</height>
					<align>left</align>
					<font>font12</font>
					<label>$INFO[VideoPlayer.Artist] $INFO[VideoPlayer.Album, - ]</label>
					<textcolor>grey2</textcolor>
					<shadowcolor>black</shadowcolor>
					<visible>VideoPlayer.Content(MusicVideos)</visible>
				</control>
				<control type="label" id="1">
					<description>LiveTV Info label</description>
					<left>20</left>
					<top>30</top>
					<width>910</width>
					<height>25</height>
					<align>left</align>
					<font>font12</font>
					<label>$INFO[VideoPlayer.ChannelName]$INFO[VideoPlayer.ChannelNumberLabel, - ([COLOR=blue],[/COLOR])] x</label>
					<textcolor>grey2</textcolor>
					<shadowcolor>black</shadowcolor>
					<visible>VideoPlayer.Content(LiveTV)</visible>
				</control>
				<control type="grouplist" id="1">
					<left>20</left>
					<top>60</top>
					<width>910</width>
					<height>35</height>
					<itemgap>5</itemgap>
					<orientation>horizontal</orientation>
					<control type="label" id="1">
						<width min="10" max="520">auto</width>
						<height>30</height>
						<font>font30</font>
						<align>left</align>
						<aligny>center</aligny>
						<label>$INFO[Player.Title]</label>
						<textcolor>orange</textcolor>
						<scroll>true</scroll>
					</control>
					<control type="image" id="1">
						<description>Video Resolution Image</description>
						<width>50</width>
						<height>35</height>
						<aspectratio align="center">keep</aspectratio>
						<texture>$INFO[VideoPlayer.VideoResolution,flagging/video/,.png]</texture>
					</control>
					<control type="image" id="1">
						<description>Audio Codec Image</description>
						<width>85</width>
						<height>35</height>
						<aspectratio align="center">keep</aspectratio>
						<texture>$INFO[VideoPlayer.AudioCodec,flagging/audio/,.png]</texture>
					</control>
					<control type="image" id="1">
						<description>Audio Channels Image</description>
						<width>50</width>
						<height>35</height>
						<aspectratio align="center">keep</aspectratio>
						<texture>$INFO[VideoPlayer.AudioChannels,flagging/audio/,.png]</texture>
					</control>
					<control type="group" id="1">
						<width>85</width>
						<height>35</height>
						<visible>!IsEmpty(VideoPlayer.AudioLanguage)</visible>
						<control type="image" id="1">
							<left>5</left>
							<top>0</top>
							<description>Audio Language Image</description>
							<width>80</width>
							<height>35</height>
							<texture>flagging/AudioLang.png</texture>
						</control>
						<control type="label" id="1">
							<left>38</left>
							<top>2</top>
							<width>47</width>
							<height>35</height>
							<font>font13</font>
							<align>left</align>
							<label>$INFO[VideoPlayer.AudioLanguage]</label>
							<textcolor>grey</textcolor>
						</control>
					</control>
					<control type="group" id="1">
						<width>85</width>
						<height>35</height>
						<visible>!IsEmpty(VideoPlayer.SubtitlesLanguage)</visible>
						<control type="image" id="1">
							<left>5</left>
							<top>0</top>
							<width>80</width>
							<height>35</height>
							<texture>flagging/SubLang.png</texture>
						</control>
						<control type="label" id="1">
							<left>38</left>
							<top>2</top>
							<width>47</width>
							<height>35</height>
							<font>font13</font>
							<align>left</align>
							<label>$INFO[VideoPlayer.SubtitlesLanguage]</label>
							<textcolor>grey</textcolor>
						</control>
					</control>
				</control>
				<control type="label" id="1">
					<left>0</left>
					<top>120</top>
					<width>910</width>
					<height>25</height>
					<label>$LOCALIZE[31049] $INFO[Player.FinishTime]</label>
					<align>center</align>
					<aligny>center</aligny>
					<font>font12</font>
					<textcolor>grey</textcolor>
					<scroll>true</scroll>
					<visible>!Window.IsVisible(VideoOSD) + !VideoPlayer.Content(LiveTV)</visible>
					<animation effect="fade" time="200">VisibleChange</animation>
				</control>
				<control type="label" id="1">
					<left>0</left>
					<top>120</top>
					<width>910</width>
					<height>25</height>
					<label>$INFO[VideoPlayer.NextTitle,$LOCALIZE[19031]: ]</label>
					<align>center</align>
					<aligny>center</aligny>
					<font>font12</font>
					<textcolor>grey</textcolor>
					<scroll>true</scroll>
					<visible>!Window.IsVisible(VideoOSD) + VideoPlayer.Content(LiveTV)</visible>
					<animation effect="fade" time="200">VisibleChange</animation>
				</control>
			</control>
			<control type="group" id="1">
				<left>330</left>
				<top>95r</top>
				<visible>!VideoPlayer.Content(LiveTV) | [VideoPlayer.Content(LiveTV) + VideoPlayer.HasEpg]</visible>
				<control type="label" id="1">
					<visible>!VideoPlayer.Content(LiveTV)</visible>
					<left>0</left>
					<top>0</top>
					<width>100</width>
					<height>40</height>
					<font>font13</font>
					<align>left</align>
					<aligny>center</aligny>
					<label>$INFO[Player.Time(hh:mm:ss)]</label>
				</control>
				<control type="label" id="1">
					<visible>VideoPlayer.Content(LiveTV)</visible>
					<left>0</left>
					<top>0</top>
					<width>100</width>
					<height>40</height>
					<font>font13</font>
					<align>left</align>
					<aligny>center</aligny>
					<label>$INFO[Player.StartTime(hh:mm)]</label>
				</control>
				<control type="progress" id="1">
					<description>ProgressbarCache</description>
					<left>100</left>
					<top>15</top>
					<width>720</width>
					<height>16</height>
					<info>Player.ProgressCache</info>
					<midtexture border="6,0,6,0">OSDProgressMidLight.png</midtexture>
				</control>
				<control type="progress" id="1">
					<description>Progressbar</description>
					<left>100</left>
					<top>15</top>
					<width>720</width>
					<height>16</height>
					<info>Player.Progress</info>
				</control>
				<control type="label" id="1">
					<visible>!VideoPlayer.Content(LiveTV)</visible>
					<left>820</left>
					<top>0</top>
					<width>100</width>
					<height>40</height>
					<font>font13</font>
					<align>right</align>
					<aligny>center</aligny>
					<label>$INFO[Player.Duration(hh:mm:ss)]</label>
				</control>
				<control type="label" id="1">
					<visible>VideoPlayer.Content(LiveTV)</visible>
					<left>820</left>
					<top>0</top>
					<width>100</width>
					<height>40</height>
					<font>font13</font>
					<align>right</align>
					<aligny>center</aligny>
					<label>$INFO[Player.FinishTime(hh:mm)]</label>
				</control>
			</control>
		</control>-->
		
		
		
		<!-- codec info -->
		<control type="group" id="0">
			<left>0</left>
			<top>20</top>
			<animation effect="fade" time="200">VisibleChange</animation>
			<control type="image">
				<description>media info background image</description>
				<left>0</left>
				<top>0</top>
				<width>1280</width>
				<height>155</height>
				<texture>black-back.png</texture>
			</control>
			<control type="label" id="10">
				<description>row 1 label</description>
				<left>50</left>
				<top>10</top>
				<width>1180</width>
				<height>30</height>
				<align>left</align>
				<aligny>center</aligny>
				<font>font12</font>
				<label>-</label>
			</control>
			<control type="label" id="11">
				<description>row 2 label</description>
				<left>50</left>
				<top>55</top>
				<width>1180</width>
				<height>30</height>
				<align>left</align>
				<aligny>center</aligny>
				<font>font12</font>
				<label>-</label>
			</control>
			<control type="label" id="12">
				<description>row 3 label</description>
				<left>50</left>
				<top>100</top>
				<width>1180</width>
				<height>45</height>
				<align>left</align>
				<aligny>center</aligny>
				<font>font12</font>
				<label>-</label>
			</control>
		</control>
		<control type="selectbutton" id="503">
			<left>440</left>
			<top>100</top>
			<width>400</width>
			<height>100</height>
			<font>font13caps</font>
			<description>TV Channel Group Select Button</description>
			<texturebg border="20">OverlayDialogBackground.png</texturebg>
			<onleft>503</onleft>
			<onright>503</onright>
			<onup>500</onup>
			<ondown>500</ondown>
			<include>VisibleFadeEffect</include>
		</control>
		<control type="group">
			<visible>Player.ShowCodec + VideoPlayer.Content(LiveTV) + system.getbool(pvrplayback.signalquality)</visible>
			<top>180</top>
			<control type="image">
				<description>media info background image</description>
				<left>0</left>
				<top>0</top>
				<width>1280</width>
				<height>220</height>
				<texture>black-back.png</texture>
			</control>
			<control type="label">
				<description>Header</description>
				<left>50</left>
				<top>5</top>
				<width>1200</width>
				<height>25</height>
				<label>$LOCALIZE[19005]</label>
				<align>left</align>
				<aligny>center</aligny>
				<font>font13_title</font>
				<textcolor>blue</textcolor>
			</control>
			<control type="label">
				<description>Backend</description>
				<left>50</left>
				<top>40</top>
				<width>165</width>
				<height>25</height>
				<label>$LOCALIZE[19012]:</label>
				<align>left</align>
				<aligny>center</aligny>
				<font>font12</font>
				<textcolor>grey2</textcolor>
			</control>
			<control type="label">
				<description>Backend value</description>
				<left>220</left>
				<top>40</top>
				<width>1000</width>
				<height>25</height>
				<label>$INFO[PVR.ActStreamClient]</label>
				<align>left</align>
				<aligny>center</aligny>
				<font>font12</font>
				<textcolor>white</textcolor>
			</control>
			<control type="label">
				<description>Device</description>
				<left>50</left>
				<top>65</top>
				<width>165</width>
				<height>25</height>
				<label>$LOCALIZE[19006]:</label>
				<align>left</align>
				<aligny>center</aligny>
				<font>font12</font>
				<textcolor>grey2</textcolor>
			</control>
			<control type="label">
				<description>Device value</description>
				<left>220</left>
				<top>65</top>
				<width>1000</width>
				<height>25</height>
				<label>$INFO[PVR.ActStreamDevice]</label>
				<align>left</align>
				<aligny>center</aligny>
				<font>font12</font>
				<textcolor>white</textcolor>
			</control>
			<control type="label">
				<description>Status</description>
				<left>50</left>
				<top>90</top>
				<width>165</width>
				<height>25</height>
				<label>$LOCALIZE[19007]:</label>
				<align>left</align>
				<aligny>center</aligny>
				<font>font12</font>
				<textcolor>grey2</textcolor>
			</control>
			<control type="label">
				<description>Status value</description>
				<left>220</left>
				<top>90</top>
				<width>1000</width>
				<height>25</height>
				<label>$INFO[PVR.ActStreamStatus]</label>
				<align>left</align>
				<aligny>center</aligny>
				<font>font12</font>
				<textcolor>white</textcolor>
			</control>
			<control type="label">
				<description>Signal</description>
				<left>50</left>
				<top>115</top>
				<width>165</width>
				<height>25</height>
				<label>$LOCALIZE[19008]:</label>
				<align>left</align>
				<aligny>center</aligny>
				<font>font12</font>
				<textcolor>grey2</textcolor>
			</control>
			<control type="progress">
				<description>Progressbar</description>
				<left>220</left>
				<top>122</top>
				<width>910</width>
				<height>14</height>
				<info>PVR.ActStreamProgrSignal</info>
			</control>
			<control type="label">
				<description>Signal value</description>
				<left>1200</left>
				<top>115</top>
				<width>180</width>
				<height>25</height>
				<label>$INFO[PVR.ActStreamSignal]</label>
				<align>left</align>
				<aligny>center</aligny>
				<font>font12</font>
				<textcolor>white</textcolor>
			</control>
			<control type="label">
				<description>SNR</description>
				<left>50</left>
				<top>140</top>
				<width>165</width>
				<height>25</height>
				<label>$LOCALIZE[19009]:</label>
				<align>left</align>
				<aligny>center</aligny>
				<font>font12</font>
				<textcolor>grey2</textcolor>
			</control>
			<control type="progress">
				<description>Progressbar</description>
				<left>220</left>
				<top>147</top>
				<width>910</width>
				<height>14</height>
				<overlaytexture>-</overlaytexture>
				<info>PVR.ActStreamProgrSNR</info>
			</control>
			<control type="label">
				<description>SNR value</description>
				<left>1200</left>
				<top>140</top>
				<width>180</width>
				<height>25</height>
				<label>$INFO[PVR.ActStreamSNR]</label>
				<align>left</align>
				<aligny>center</aligny>
				<font>font12</font>
				<textcolor>white</textcolor>
			</control>
			<control type="label">
				<description>BER</description>
				<left>50</left>
				<top>165</top>
				<width>165</width>
				<height>25</height>
				<label>$LOCALIZE[19010]:</label>
				<align>left</align>
				<aligny>center</aligny>
				<font>font12</font>
				<textcolor>grey2</textcolor>
			</control>
			<control type="label">
				<description>BER value</description>
				<left>220</left>
				<top>165</top>
				<width>165</width>
				<height>25</height>
				<label>$INFO[PVR.ActStreamBER]</label>
				<align>left</align>
				<aligny>center</aligny>
				<font>font12</font>
				<textcolor>white</textcolor>
			</control>
			<control type="label">
				<description>UNC</description>
				<left>390</left>
				<top>165</top>
				<width>165</width>
				<height>25</height>
				<label>$LOCALIZE[19011]:</label>
				<align>left</align>
				<aligny>center</aligny>
				<font>font12</font>
				<textcolor>grey2</textcolor>
			</control>
			<control type="label">
				<description>UNC value</description>
				<left>560</left>
				<top>165</top>
				<width>165</width>
				<height>25</height>
				<label>$INFO[PVR.ActStreamUNC]</label>
				<align>left</align>
				<aligny>center</aligny>
				<font>font12</font>
				<textcolor>white</textcolor>
			</control>
			<control type="label">
				<description>Service</description>
				<left>730</left>
				<top>165</top>
				<width>165</width>
				<height>25</height>
				<label>$LOCALIZE[19099]:</label>
				<align>left</align>
				<aligny>center</aligny>
				<font>font12</font>
				<textcolor>grey2</textcolor>
			</control>
			<control type="label">
				<description>Service value</description>
				<left>900</left>
				<top>165</top>
				<width>330</width>
				<height>25</height>
				<label>$INFO[PVR.ActStreamServiceName]</label>
				<align>left</align>
				<aligny>center</aligny>
				<font>font12</font>
				<textcolor>white</textcolor>
			</control>
			<control type="label">
				<description>Encryption</description>
				<left>50</left>
				<top>190</top>
				<width>165</width>
				<height>25</height>
				<label>$LOCALIZE[19015]:</label>
				<align>left</align>
				<aligny>center</aligny>
				<font>font12</font>
				<textcolor>grey2</textcolor>
			</control>
			<control type="label">
				<description>Encryption value</description>
				<left>220</left>
				<top>190</top>
				<width>165</width>
				<height>25</height>
				<label>$INFO[PVR.ActStreamEncryptionName]</label>
				<align>left</align>
				<aligny>center</aligny>
				<font>font12</font>
				<textcolor>white</textcolor>
			</control>
			<control type="label">
				<description>Provider</description>
				<left>390</left>
				<top>190</top>
				<width>165</width>
				<height>25</height>
				<label>$LOCALIZE[19101]:</label>
				<align>left</align>
				<aligny>center</aligny>
				<font>font12</font>
				<textcolor>grey2</textcolor>
			</control>
			<control type="label">
				<description>Provider value</description>
				<left>560</left>
				<top>190</top>
				<width>165</width>
				<height>25</height>
				<label>$INFO[PVR.ActStreamProviderName]</label>
				<align>left</align>
				<aligny>center</aligny>
				<font>font12</font>
				<textcolor>white</textcolor>
			</control>
			<control type="label">
				<description>Mux</description>
				<left>730</left>
				<top>190</top>
				<width>165</width>
				<height>25</height>
				<label>$LOCALIZE[19100]:</label>
				<align>left</align>
				<aligny>center</aligny>
				<font>font12</font>
				<textcolor>grey2</textcolor>
			</control>
			<control type="label">
				<description>Mux value</description>
				<left>900</left>
				<top>190</top>
				<width>330</width>
				<height>25</height>
				<label>$INFO[PVR.ActStreamMux]</label>
				<align>left</align>
				<aligny>center</aligny>
				<font>font12</font>
				<textcolor>white</textcolor>
			</control>
		</control>
		
		
		
		
		
		
		<include>Debug_Grid</include>		
	</controls>
</window>
