<?xml version="1.0" encoding="UTF-8"?>
<addon
  id="skin.konfluence"
  version="2.5.3"
  name="Konfluence"
  provider-name="Jezz_X, Team Kodi">
  <requires>
    <import addon="xbmc.gui" version="5.3.0"/>
  </requires>
  <extension
    point="xbmc.gui.skin"
    defaultthemename="textures.xbt"
    debugging="false"
    effectslowdown="0.75">
    <res width="1280" height="720" aspect="16:9" default="true" folder="720p" />
  </extension>
  <extension point="xbmc.addon.metadata">
    <summary lang="en">Kev's Modified version of Confluence</summary>
    <disclaimer lang="en_US">Confluence is the default skin for Kodi, removing it may cause issues</disclaimer>
    <platform>all</platform>
  </extension>
</addon>
