<?xml version="1.0" encoding="UTF-8" standalone="yes"?>
<addon id="plugin.video.kevsnewtv"
       name="New TV"
       version="0.0.1"
       provider-name="kevjs1982">
    <requires>
        <!--<import addon="xbmc.python" version="2.14.0"/>-->
    </requires>
    <extension point="xbmc.python.pluginsource" library="default.py">
        <provides>video</provides>
    </extension>
    <extension point="xbmc.addon.metadata">
        <platform>all</platform>
        <summary>Watch new TV</summary>
        <description>What's New to Watch?</description>
    </extension>
</addon>
